avg_height,turn_rate,bearing,trajectory_curvature,angular_acceleration,angular_velocity,distance_traveled,displacement,jerk,vertical_acceleration,up_down_direction,angle_to_horizon,average_speed,average_velocity_magnitude,average_velocity_direction,new_cluster_label,matches_homing_pigeon
255.45,28805.549705248042,283.5294943979943,0.27313713295352804,1167.9332990426105,2699.5223100345675,913.2334944989284,804.3697073351495,-9822087.06188175,525.4237288135595,0.8240104378223339,1.4775420138081303,15478.533805066583,15478.533805066583,283.5294943979943,0,False
260.7,24100.771506588608,280.1633463242906,-0.08162459846941846,51.41716175359346,-1872.349870240578,969.6769163957746,656.5550647322398,-28132918.61801509,305.08474576271203,0.37474424284453556,1.1788641565870708,16435.201972809744,16435.201972809744,280.1633463242906,1,False
263.78333333333336,26108.247120946384,261.23778877350077,-0.06108712602469724,47.738515789162584,-1798.207840430902,983.4344896526122,471.3672405018736,52234962.36250473,288.13559322033854,0.23606068793374926,1.0997092206099184,16668.381180552755,16668.381180552755,261.23778877350077,2,False
267.03333333333336,26556.557003245543,235.8198096958565,-0.0490517470700313,308.11451671736586,-1636.6858183035415,970.9885355142193,438.1135408127595,15318479.860148104,288.1355932203393,0.35759570605728935,1.1386946916036031,16457.432805325752,16457.432805325752,235.8198096958565,3,False
271.4166666666667,27100.746422693435,211.3955103557086,-0.13007329308097756,6086.449912021135,-2798.508825013633,954.5614015093595,613.9202203613153,-913061.8831658489,389.8305084745758,0.6521977291238623,1.4804570896220721,16179.006805243383,16179.006805243383,211.3955103557086,4,False
274.0,14941.565225406275,207.6895805911499,-0.020948636339949932,264.0501069015874,-585.019367778319,838.8050805876967,713.7986348331971,44316566.77518168,288.4615384615379,0.8439808525551561,1.2193825954663426,16130.866934378784,16130.866934378784,207.6895805911499,5,False
277.14285714285717,11404.936799017212,195.21757585425158,-0.14823546157297007,-3051.6341313369594,-1821.2310910351625,95.31102440690778,92.20463366677525,224577371.7656889,166.66666666666666,0.3086066999241839,0.4630056575125476,15885.170734484629,15885.170734484629,195.21757585425158,6,False
277.7317073170732,12722.330954930138,204.2665979499878,-0.12388979407673298,-57.58135772907821,-2131.511191134924,644.2236362256215,556.0296342088329,-129673424.04776525,350.0000000000006,0.8349275683903161,1.4842114009188443,16105.590905640536,16105.590905640536,204.2665979499878,7,False
273.63157894736844,12194.106591938975,178.2580930825545,-0.22168396079968034,-2826.7662942190022,-3685.2816064432536,296.80443050647443,267.2959285033729,37252173.843864545,-444.4444444444444,-0.7530067018203284,-1.525004276355662,16489.13502813747,16489.13502813747,178.2580930825545,8,False
282.17241379310343,12797.481407009247,200.55166907680822,-0.11993091001139146,891.7955755233046,-1569.5616450786677,448.6368116115075,388.12102386217657,81276167.00135957,214.28571428571374,0.7391781505732563,1.0032957963007736,16022.743271839548,16022.743271839548,200.55166907680822,9,False
271.22222222222223,10659.72042056889,167.98253034829256,-0.028749026745977332,-58.422828898103944,-486.58610063870685,428.73469310766217,379.736258299906,8680882.445848564,-384.61538461538447,-0.8636722045800478,-1.3214435439739916,16489.795888756238,16489.795888756238,167.98253034829256,10,False
263.3333333333333,23922.03057779528,153.2493489484407,-1.2219818135791563,,-23922.03057779528,36.793234630336684,35.98424470151452,,1500.0,1.0,4.775164190752259,18396.61731516834,18396.61731516834,153.2493489484407,11,False
285.8235294117647,14524.070592514085,193.4058898360364,-0.24723196451609727,481.43186986309854,-3214.409467547828,260.30005297444006,210.81453100127322,20688750.761700206,-249.99999999999977,0.3424058682341824,-0.539452399053983,16268.753310902506,16268.753310902506,193.4058898360364,12,False
271.22222222222223,10659.72042056889,167.98253034829256,-0.028749026745977332,-58.422828898103944,-486.58610063870685,428.73469310766217,379.736258299906,8680882.445848564,-384.61538461538447,-0.8636722045800478,-1.3214435439739916,16489.795888756238,16489.795888756238,167.98253034829256,13,False
265.6,15365.675031624723,146.65921696669628,-0.2180603323233927,2596.017902177299,-4344.765822943862,245.85700647508224,213.3807761135542,242563595.9995067,285.7142857142858,0.21971768720102056,1.0189448342590994,17561.21474822016,17561.21474822016,146.65921696669628,14,False
285.0,14479.379581134934,148.23723255096922,0.2903572988146465,11128.510771824038,5616.27931297797,73.30592437525544,71.57993555698722,-164529509.4657668,-3000.0,-0.9486832980505138,-9.126988301811418,18326.481093813858,18326.481093813858,148.23723255096922,15,False
271.22222222222223,10659.72042056889,167.98253034829256,-0.028749026745977332,-58.422828898103944,-486.58610063870685,428.73469310766217,379.736258299906,8680882.445848564,-384.61538461538447,-0.8636722045800478,-1.3214435439739916,16489.795888756238,16489.795888756238,167.98253034829256,16,False
268.6296296296296,15056.560375802226,149.5712901158649,-0.07363263379668825,1502.5731003194207,-1544.471448555358,439.7471001430722,385.04050755755054,88813351.4938771,346.15384615384613,0.6523739599466513,1.4009670768683196,16913.350005502776,16913.350005502776,149.5712901158649,17,False
269.15,9704.739980976039,158.1621339944207,-0.1301067580768891,1182.013862801188,-2102.305773464411,318.655832099724,289.94070650242094,-35122608.071702085,-526.315789473684,-0.9347770052454241,-1.7506164104123365,16771.359584196005,16771.359584196005,158.1621339944207,18,False
268.1818181818182,13762.226589684939,143.60091329504428,-0.09036358693953872,177.41388136094767,-1845.5364345907874,548.2446377107153,481.0201969520927,54092609.05920894,31.25000000000006,0.3044205672261537,0.35176847984343096,17132.644928459857,17132.644928459857,143.60091329504428,19,False
259.1666666666667,7638.779884337908,119.61126753419789,-0.1783882829507678,-9237.935094971306,-3073.1136672048083,90.5243470946047,89.6355439484132,-162455310.73882008,-800.0,-0.9309493362512627,-2.524314907984259,18104.869418920942,18104.869418920942,119.61126753419789,20,False
265.5,8397.927805136494,147.49197098628233,0.4213302160335101,3556.090697444427,6946.601022185082,115.05886018607201,111.20300338455547,-294714861.2937288,-142.85714285714286,-0.7559289460184544,-0.5021991832798688,16436.980026581714,16436.980026581714,147.49197098628233,21,False
268.1818181818182,13762.226589684939,143.60091329504428,-0.09036358693953872,177.41388136094767,-1845.5364345907874,548.2446377107153,481.0201969520927,54092609.05920894,31.25000000000006,0.3044205672261537,0.35176847984343096,17132.644928459857,17132.644928459857,143.60091329504428,22,False
258.7142857142857,7179.841141627709,116.31444024376735,-0.20550342070842417,-3618.854651263278,-3527.3081679212287,110.08837418761587,108.233270508548,767891729.8528931,-833.3333333333334,-0.9511897312113418,-2.5912761910638427,18348.062364602647,18348.062364602647,116.31444024376735,23,False
253.2,9215.421913167498,100.42503921050938,-0.4813040792201326,420.2908276871822,-9215.421913167498,76.54850190704987,75.40509916926906,547549682.7668593,-750.0,-0.9486832980505138,-2.279511429584301,19137.12547676247,19137.12547676247,100.42503921050938,24,False
252.0,15298.600218099353,107.16128412162382,0.03879693045671506,-15552.086284670224,969.7299571896574,91.83256711348254,89.037773908557,-376684252.7733558,800.0,0.7453559924999299,2.5833345698092915,18366.51342269651,18366.51342269651,107.16128412162382,25,False
268.6666666666667,13297.025885063826,143.33278702685456,-0.07868705739786651,-1068.6270331996986,-1616.5217152712066,493.1726311790285,428.08287617485234,56146046.68766569,-103.4482758620691,0.1695747545698077,-0.04914373822024723,17005.952799276845,17005.952799276845,143.33278702685456,26,False
258.7142857142857,7179.841141627709,116.31444024376735,-0.20550342070842417,-3618.854651263278,-3527.3081679212287,110.08837418761587,108.233270508548,767891729.8528931,-833.3333333333334,-0.9511897312113418,-2.5912761910638427,18348.062364602647,18348.062364602647,116.31444024376735,27,False
253.2,9215.421913167498,100.42503921050938,-0.4813040792201326,420.2908276871822,-9215.421913167498,76.54850190704987,75.40509916926906,547549682.7668593,-750.0,-0.9486832980505138,-2.279511429584301,19137.12547676247,19137.12547676247,100.42503921050938,28,False
252.375,10845.55345010252,102.74838495853768,-0.009457006373747268,-7193.828326980542,9.01542686430427e-08,129.88871219199385,125.75556830391683,311171882.48984677,142.85714285714286,0.6172133998483676,0.594783415568479,18555.530313141975,18555.530313141975,102.74838495853768,29,False
248.0,628.5218118299554,107.00806139627798,-0.033468623985468106,,-628.5218118299554,38.23699731831895,38.23636173466251,,-2000.0,-1.0,-5.973876609643851,19118.498659159475,19118.498659159475,107.00806139627798,30,False
241.66666666666666,3042.734624483103,122.23491502682899,-0.16868610487638278,,-3042.734624483103,35.45466616022761,35.42855501225915,,500.0,0.816496580927726,1.5865856789145871,17727.333080113807,17727.333080113807,122.23491502682899,31,False
270.3333333333333,11482.564431628516,142.17288065672278,-0.15292517987595794,-1304.042729054956,-2742.743233568728,284.9379401499891,251.59029000461987,135362419.79717675,-235.2941176470586,-0.38268825989261146,-0.3699136929901027,16761.055302940535,16761.055302940535,142.17288065672278,32,False
258.7142857142857,7179.841141627709,116.31444024376735,-0.20550342070842417,-3618.854651263278,-3527.3081679212287,110.08837418761587,108.233270508548,767891729.8528931,-833.3333333333334,-0.9511897312113418,-2.5912761910638427,18348.062364602647,18348.062364602647,116.31444024376735,33,False
253.2,9215.421913167498,100.42503921050938,-0.4813040792201326,420.2908276871822,-9215.421913167498,76.54850190704987,75.40509916926906,547549682.7668593,-750.0,-0.9486832980505138,-2.279511429584301,19137.12547676247,19137.12547676247,100.42503921050938,34,False
252.375,10845.55345010252,102.74838495853768,-0.009457006373747268,-7193.828326980542,9.01542686430427e-08,129.88871219199385,125.75556830391683,311171882.48984677,142.85714285714286,0.6172133998483676,0.594783415568479,18555.530313141975,18555.530313141975,102.74838495853768,35,False
248.0,628.5218118299554,107.00806139627798,-0.033468623985468106,,-628.5218118299554,38.23699731831895,38.23636173466251,,-2000.0,-1.0,-5.973876609643851,19118.498659159475,19118.498659159475,107.00806139627798,36,False
241.5,4649.2056586390045,119.64256702515017,-0.2639303135753556,-3212.942068311804,-4649.2056586390045,54.281159432066325,54.100532673082625,2030710375.8525374,0.0,0.0,0.04422319421466906,18093.719810688777,18093.719810688777,119.64256702515017,37,False
266.1666666666667,8938.58246325496,117.3636596653353,-0.04363208104236055,-6199.863024388568,-1034.7895565681997,90.35400482737606,89.40072639769768,-245616111.36634025,-1200.0,-0.9999999999999999,-3.775622846704247,18070.800965475213,18070.800965475213,117.3636596653353,38,False
258.7142857142857,7179.841141627709,116.31444024376735,-0.20550342070842417,-3618.854651263278,-3527.3081679212287,110.08837418761587,108.233270508548,767891729.8528931,-833.3333333333334,-0.9511897312113418,-2.5912761910638427,18348.062364602647,18348.062364602647,116.31444024376735,39,False
253.2,9215.421913167498,100.42503921050938,-0.4813040792201326,420.2908276871822,-9215.421913167498,76.54850190704987,75.40509916926906,547549682.7668593,-750.0,-0.9486832980505138,-2.279511429584301,19137.12547676247,19137.12547676247,100.42503921050938,40,False
252.375,10845.55345010252,102.74838495853768,-0.009457006373747268,-7193.828326980542,9.01542686430427e-08,129.88871219199385,125.75556830391683,311171882.48984677,142.85714285714286,0.6172133998483676,0.594783415568479,18555.530313141975,18555.530313141975,102.74838495853768,41,False
248.0,628.5218118299554,107.00806139627798,-0.033468623985468106,,-628.5218118299554,38.23699731831895,38.23636173466251,,-2000.0,-1.0,-5.973876609643851,19118.498659159475,19118.498659159475,107.00806139627798,42,False
241.5,4649.2056586390045,119.64256702515017,-0.2639303135753556,-3212.942068311804,-4649.2056586390045,54.281159432066325,54.100532673082625,2030710375.8525374,0.0,0.0,0.04422319421466906,18093.719810688777,18093.719810688777,119.64256702515017,43,False
236.66666666666666,7673.2856248565895,116.87672100125809,-0.439840877648494,,-7673.2856248565895,34.75431670406323,34.618302225359734,,2000.0,1.0,6.556827629477115,17377.158352031613,17377.158352031613,116.87672100125809,44,False
245.33333333333334,9056.832197718342,81.30188617631086,-0.19353408430828742,-3528.139335050213,-3297.778045858349,146.30550466820878,143.74158409943615,92546679.55229764,1125.0,0.9860132971832694,3.530783523195063,18288.188083526096,18288.188083526096,81.30188617631086,45,False
253.2,9215.421913167498,100.42503921050938,-0.4813040792201326,420.2908276871822,-9215.421913167498,76.54850190704987,75.40509916926906,547549682.7668593,-750.0,-0.9486832980505138,-2.279511429584301,19137.12547676247,19137.12547676247,100.42503921050938,46,False
252.375,10845.55345010252,102.74838495853768,-0.009457006373747268,-7193.828326980542,9.01542686430427e-08,129.88871219199385,125.75556830391683,311171882.48984677,142.85714285714286,0.6172133998483676,0.594783415568479,18555.530313141975,18555.530313141975,102.74838495853768,47,False
248.0,628.5218118299554,107.00806139627798,-0.033468623985468106,,-628.5218118299554,38.23699731831895,38.23636173466251,,-2000.0,-1.0,-5.973876609643851,19118.498659159475,19118.498659159475,107.00806139627798,48,False
241.5,4649.2056586390045,119.64256702515017,-0.2639303135753556,-3212.942068311804,-4649.2056586390045,54.281159432066325,54.100532673082625,2030710375.8525374,0.0,0.0,0.04422319421466906,18093.719810688777,18093.719810688777,119.64256702515017,49,False
236.66666666666666,7673.2856248565895,116.87672100125809,-0.439840877648494,,-7673.2856248565895,34.75431670406323,34.618302225359734,,2000.0,1.0,6.556827629477115,17377.158352031613,17377.158352031613,116.87672100125809,50,False
246.36363636363637,7044.210231828199,77.76347594883363,-0.15052693255088745,-1688.2495928757564,-2564.9458914926477,181.35762566880643,177.39391649578485,52279013.433672845,1000.0,0.9816498172140428,3.150925166085866,18135.76256688064,18135.76256688064,77.76347594883363,51,False
247.33333333333334,10327.31087593585,82.83755564613548,0.47332253940895974,-5685.4655353722965,8674.513600280547,93.25306851374975,90.72667699717971,1102695733.630842,-1200.0,-0.9999999999999999,-3.662585096657792,18650.61370274995,18650.61370274995,82.83755564613548,52,False
248.0,628.5218118299554,107.00806139627798,-0.033468623985468106,,-628.5218118299554,38.23699731831895,38.23636173466251,,-2000.0,-1.0,-5.973876609643851,19118.498659159475,19118.498659159475,107.00806139627798,53,False
241.5,4649.2056586390045,119.64256702515017,-0.2639303135753556,-3212.942068311804,-4649.2056586390045,54.281159432066325,54.100532673082625,2030710375.8525374,0.0,0.0,0.04422319421466906,18093.719810688777,18093.719810688777,119.64256702515017,54,False
236.66666666666666,7673.2856248565895,116.87672100125809,-0.439840877648494,,-7673.2856248565895,34.75431670406323,34.618302225359734,,2000.0,1.0,6.556827629477115,17377.158352031613,17377.158352031613,116.87672100125809,55,False
246.36363636363637,7044.210231828199,77.76347594883363,-0.15052693255088745,-1688.2495928757564,-2564.9458914926477,181.35762566880643,177.39391649578485,52279013.433672845,1000.0,0.9816498172140428,3.150925166085866,18135.76256688064,18135.76256688064,77.76347594883363,56,False
247.33333333333334,10327.31087593585,82.83755564613548,0.47332253940895974,-5685.4655353722965,8674.513600280547,93.25306851374975,90.72667699717971,1102695733.630842,-1200.0,-0.9999999999999999,-3.662585096657792,18650.61370274995,18650.61370274995,82.83755564613548,57,False
237.11111111111111,11557.955982589005,105.71236018194239,0.43286206833024365,1244.8083220322417,7895.283662769113,150.71589297761366,136.4624378604068,80712550.38826235,-1125.0,-0.9128709291752769,-3.385821616446154,18839.486622201708,18839.486622201708,105.71236018194239,58,False
236.66666666666666,7673.2856248565895,116.87672100125809,-0.439840877648494,,-7673.2856248565895,34.75431670406323,34.618302225359734,,2000.0,1.0,6.556827629477115,17377.158352031613,17377.158352031613,116.87672100125809,59,False
246.36363636363637,7044.210231828199,77.76347594883363,-0.15052693255088745,-1688.2495928757564,-2564.9458914926477,181.35762566880643,177.39391649578485,52279013.433672845,1000.0,0.9816498172140428,3.150925166085866,18135.76256688064,18135.76256688064,77.76347594883363,60,False
247.33333333333334,10327.31087593585,82.83755564613548,0.47332253940895974,-5685.4655353722965,8674.513600280547,93.25306851374975,90.72667699717971,1102695733.630842,-1200.0,-0.9999999999999999,-3.662585096657792,18650.61370274995,18650.61370274995,82.83755564613548,61,False
237.11111111111111,11557.955982589005,105.71236018194239,0.43286206833024365,1244.8083220322417,7895.283662769113,150.71589297761366,136.4624378604068,80712550.38826235,-1125.0,-0.9128709291752769,-3.385821616446154,18839.486622201708,18839.486622201708,105.71236018194239,62,False
228.0,16315.501572482219,115.72031113102825,0.32883277906845193,-32631.003144964438,5107.7803844399905,53.853548726901565,53.21268607809575,-2099370238.8536072,-666.6666666666666,-0.912870929175277,-2.170145691727339,17951.182908967185,17951.182908967185,115.72031113102825,63,False
234.55555555555554,9347.445932881572,105.41319392194465,-0.17554529001639615,-3007.384963637065,-3043.385578216527,139.48975996349793,137.343456480286,258256531.439245,1750.0,0.9860132971832694,5.815686515208589,17436.21999543724,17436.21999543724,105.41319392194465,64,False
236.66666666666666,7673.2856248565895,116.87672100125809,-0.439840877648494,,-7673.2856248565895,34.75431670406323,34.618302225359734,,2000.0,1.0,6.556827629477115,17377.158352031613,17377.158352031613,116.87672100125809,65,False
246.36363636363637,7044.210231828199,77.76347594883363,-0.15052693255088745,-1688.2495928757564,-2564.9458914926477,181.35762566880643,177.39391649578485,52279013.433672845,1000.0,0.9816498172140428,3.150925166085866,18135.76256688064,18135.76256688064,77.76347594883363,66,False
247.33333333333334,10327.31087593585,82.83755564613548,0.47332253940895974,-5685.4655353722965,8674.513600280547,93.25306851374975,90.72667699717971,1102695733.630842,-1200.0,-0.9999999999999999,-3.662585096657792,18650.61370274995,18650.61370274995,82.83755564613548,67,False
237.11111111111111,11557.955982589005,105.71236018194239,0.43286206833024365,1244.8083220322417,7895.283662769113,150.71589297761366,136.4624378604068,80712550.38826235,-1125.0,-0.9128709291752769,-3.385821616446154,18839.486622201708,18839.486622201708,105.71236018194239,68,False
228.0,16315.501572482219,115.72031113102825,0.32883277906845193,-32631.003144964438,5107.7803844399905,53.853548726901565,53.21268607809575,-2099370238.8536072,-666.6666666666666,-0.912870929175277,-2.170145691727339,17951.182908967185,17951.182908967185,115.72031113102825,69,False
234.55555555555554,9347.445932881572,105.41319392194465,-0.17554529001639615,-3007.384963637065,-3043.385578216527,139.48975996349793,137.343456480286,258256531.439245,1750.0,0.9860132971832694,5.815686515208589,17436.21999543724,17436.21999543724,105.41319392194465,70,False
237.33333333333334,16789.79146872217,88.19432220017163,0.8900800019534916,,16789.79146872217,38.24327867584908,37.82058958786349,,-500.0,-0.816496580927726,-1.5172949986027828,19121.63933792454,19121.63933792454,88.19432220017163,71,False
247.33333333333334,10327.31087593585,82.83755564613548,0.47332253940895974,-5685.4655353722965,8674.513600280547,93.25306851374975,90.72667699717971,1102695733.630842,-1200.0,-0.9999999999999999,-3.662585096657792,18650.61370274995,18650.61370274995,82.83755564613548,72,False
237.11111111111111,11557.955982589005,105.71236018194239,0.43286206833024365,1244.8083220322417,7895.283662769113,150.71589297761366,136.4624378604068,80712550.38826235,-1125.0,-0.9128709291752769,-3.385821616446154,18839.486622201708,18839.486622201708,105.71236018194239,73,False
228.0,16315.501572482219,115.72031113102825,0.32883277906845193,-32631.003144964438,5107.7803844399905,53.853548726901565,53.21268607809575,-2099370238.8536072,-666.6666666666666,-0.912870929175277,-2.170145691727339,17951.182908967185,17951.182908967185,115.72031113102825,74,False
234.55555555555554,9347.445932881572,105.41319392194465,-0.17554529001639615,-3007.384963637065,-3043.385578216527,139.48975996349793,137.343456480286,258256531.439245,1750.0,0.9860132971832694,5.815686515208589,17436.21999543724,17436.21999543724,105.41319392194465,75,False
237.33333333333334,16789.79146872217,88.19432220017163,0.8900800019534916,,16789.79146872217,38.24327867584908,37.82058958786349,,-500.0,-0.816496580927726,-1.5172949986027828,19121.63933792454,19121.63933792454,88.19432220017163,76,False
235.625,9040.421688082413,91.77683349585017,-0.06078654133787431,-1940.640620362922,-1069.9117761259631,133.03532468026464,130.5439823890662,94879795.78295124,-285.7142857142857,-0.6813851438692469,-0.836862499318949,19005.046382894947,19005.046382894947,91.77683349585017,77,False
237.11111111111111,11557.955982589005,105.71236018194239,0.43286206833024365,1244.8083220322417,7895.283662769113,150.71589297761366,136.4624378604068,80712550.38826235,-1125.0,-0.9128709291752769,-3.385821616446154,18839.486622201708,18839.486622201708,105.71236018194239,78,False
228.0,16315.501572482219,115.72031113102825,0.32883277906845193,-32631.003144964438,5107.7803844399905,53.853548726901565,53.21268607809575,-2099370238.8536072,-666.6666666666666,-0.912870929175277,-2.170145691727339,17951.182908967185,17951.182908967185,115.72031113102825,79,False
234.55555555555554,9347.445932881572,105.41319392194465,-0.17554529001639615,-3007.384963637065,-3043.385578216527,139.48975996349793,137.343456480286,258256531.439245,1750.0,0.9860132971832694,5.815686515208589,17436.21999543724,17436.21999543724,105.41319392194465,80,False
237.33333333333334,16789.79146872217,88.19432220017163,0.8900800019534916,,16789.79146872217,38.24327867584908,37.82058958786349,,-500.0,-0.816496580927726,-1.5172949986027828,19121.63933792454,19121.63933792454,88.19432220017163,81,False
235.625,9040.421688082413,91.77683349585017,-0.06078654133787431,-1940.640620362922,-1069.9117761259631,133.03532468026464,130.5439823890662,94879795.78295124,-285.7142857142857,-0.6813851438692469,-0.836862499318949,19005.046382894947,19005.046382894947,91.77683349585017,82,False
237.58333333333334,8706.002229189533,82.72242700139077,-0.16043773355817445,-1169.783639442161,-2729.8067979567068,201.04891894729104,189.70848702631116,123613136.84896642,1181.8181818181818,0.8493327995650773,3.732141717969647,18277.174449753733,18277.174449753733,82.72242700139077,83,False
227.66666666666666,11207.721188042227,120.99345158532861,-0.6009188472312775,,-11207.721188042227,36.83182029490568,36.64207896333259,,-500.0,-0.816496580927726,-1.5741319364446353,18415.91014745284,18415.91014745284,120.99345158532861,84,False
234.55555555555554,9347.445932881572,105.41319392194465,-0.17554529001639615,-3007.384963637065,-3043.385578216527,139.48975996349793,137.343456480286,258256531.439245,1750.0,0.9860132971832694,5.815686515208589,17436.21999543724,17436.21999543724,105.41319392194465,85,False
237.33333333333334,16789.79146872217,88.19432220017163,0.8900800019534916,,16789.79146872217,38.24327867584908,37.82058958786349,,-500.0,-0.816496580927726,-1.5172949986027828,19121.63933792454,19121.63933792454,88.19432220017163,86,False
235.625,9040.421688082413,91.77683349585017,-0.06078654133787431,-1940.640620362922,-1069.9117761259631,133.03532468026464,130.5439823890662,94879795.78295124,-285.7142857142857,-0.6813851438692469,-0.836862499318949,19005.046382894947,19005.046382894947,91.77683349585017,87,False
237.58333333333334,8706.002229189533,82.72242700139077,-0.16043773355817445,-1169.783639442161,-2729.8067979567068,201.04891894729104,189.70848702631116,123613136.84896642,1181.8181818181818,0.8493327995650773,3.732141717969647,18277.174449753733,18277.174449753733,82.72242700139077,88,False
242.22222222222223,4986.031633917622,56.518996833214125,-0.1646979086519271,413.5506598967518,-3079.750592977689,150.92346621075887,149.49717119426535,-54714539.49647608,375.0,0.8819171036881968,1.1458827309553765,18865.433276344855,18865.433276344855,56.518996833214125,89,False
237.33333333333334,16789.79146872217,88.19432220017163,0.8900800019534916,,16789.79146872217,38.24327867584908,37.82058958786349,,-500.0,-0.816496580927726,-1.5172949986027828,19121.63933792454,19121.63933792454,88.19432220017163,90,False
235.625,9040.421688082413,91.77683349585017,-0.06078654133787431,-1940.640620362922,-1069.9117761259631,133.03532468026464,130.5439823890662,94879795.78295124,-285.7142857142857,-0.6813851438692469,-0.836862499318949,19005.046382894947,19005.046382894947,91.77683349585017,91,False
237.58333333333334,8706.002229189533,82.72242700139077,-0.16043773355817445,-1169.783639442161,-2729.8067979567068,201.04891894729104,189.70848702631116,123613136.84896642,1181.8181818181818,0.8493327995650773,3.732141717969647,18277.174449753733,18277.174449753733,82.72242700139077,92,False
242.22222222222223,4986.031633917622,56.518996833214125,-0.1646979086519271,413.5506598967518,-3079.750592977689,150.92346621075887,149.49717119426535,-54714539.49647608,375.0,0.8819171036881968,1.1458827309553765,18865.433276344855,18865.433276344855,56.518996833214125,93,False
235.5,9263.444859976033,95.12333639471149,-0.312912393411665,-5475.32920043786,-5902.05397328154,94.27523658205033,92.33232331441614,-21027269.42714441,-400.0,-0.7745966692414834,-1.1716074990465286,18855.047316410066,18855.047316410066,95.12333639471149,94,False
237.58333333333334,8706.002229189533,82.72242700139077,-0.16043773355817445,-1169.783639442161,-2729.8067979567068,201.04891894729104,189.70848702631116,123613136.84896642,1181.8181818181818,0.8493327995650773,3.732141717969647,18277.174449753733,18277.174449753733,82.72242700139077,95,False
242.22222222222223,4986.031633917622,56.518996833214125,-0.1646979086519271,413.5506598967518,-3079.750592977689,150.92346621075887,149.49717119426535,-54714539.49647608,375.0,0.8819171036881968,1.1458827309553765,18865.433276344855,18865.433276344855,56.518996833214125,96,False
236.0,7311.684238698263,36.324112362345204,-0.38758780524758957,,-7311.684238698263,38.6781480954601,38.5994848899177,,0.0,,0.0,19339.07404773005,19339.07404773005,36.324112362345204,97,False
234.75,10279.715670990006,51.413911134667934,0.19678341533076624,2855.1953416995952,3553.593994860051,132.68305098344203,127.99232603340019,-197786828.7122081,428.57142857142856,0.6943650748294136,1.2965551487287434,18954.721569063146,18954.721569063146,51.413911134667934,98,False
237.58333333333334,8706.002229189533,82.72242700139077,-0.16043773355817445,-1169.783639442161,-2729.8067979567068,201.04891894729104,189.70848702631116,123613136.84896642,1181.8181818181818,0.8493327995650773,3.732141717969647,18277.174449753733,18277.174449753733,82.72242700139077,99,False
242.22222222222223,4986.031633917622,56.518996833214125,-0.1646979086519271,413.5506598967518,-3079.750592977689,150.92346621075887,149.49717119426535,-54714539.49647608,375.0,0.8819171036881968,1.1458827309553765,18865.433276344855,18865.433276344855,56.518996833214125,100,False
236.0,7311.684238698263,36.324112362345204,-0.38758780524758957,,-7311.684238698263,38.6781480954601,38.5994848899177,,0.0,,0.0,19339.07404773005,19339.07404773005,36.324112362345204,101,False
239.25,11130.43539946189,47.766319071289814,-0.10933232197356922,-543.0181541474908,-2166.5353743602786,353.0102366836206,339.2124338895279,-13828767.647116471,578.9473684210527,0.9026539488584261,1.7864553658146922,18579.48614124319,18579.48614124319,47.766319071289814,102,False
242.22222222222223,4986.031633917622,56.518996833214125,-0.1646979086519271,413.5506598967518,-3079.750592977689,150.92346621075887,149.49717119426535,-54714539.49647608,375.0,0.8819171036881968,1.1458827309553765,18865.433276344855,18865.433276344855,56.518996833214125,103,False
236.0,7311.684238698263,36.324112362345204,-0.38758780524758957,,-7311.684238698263,38.6781480954601,38.5994848899177,,0.0,,0.0,19339.07404773005,19339.07404773005,36.324112362345204,104,False
239.25,11130.43539946189,47.766319071289814,-0.10933232197356922,-543.0181541474908,-2166.5353743602786,353.0102366836206,339.2124338895279,-13828767.647116471,578.9473684210527,0.9026539488584261,1.7864553658146922,18579.48614124319,18579.48614124319,47.766319071289814,105,False
236.0,7311.684238698263,36.324112362345204,-0.38758780524758957,,-7311.684238698263,38.6781480954601,38.5994848899177,,0.0,,0.0,19339.07404773005,19339.07404773005,36.324112362345204,106,False
239.25,11130.43539946189,47.766319071289814,-0.10933232197356922,-543.0181541474908,-2166.5353743602786,353.0102366836206,339.2124338895279,-13828767.647116471,578.9473684210527,0.9026539488584261,1.7864553658146922,18579.48614124319,18579.48614124319,47.766319071289814,107,False
246.5,7370.592982474576,27.780446517171413,0.4082258860057339,291.59755833258777,7370.592982474576,89.93319343341224,87.85670296390495,-798881652.7705301,600.0,0.8563488385776752,1.9115141343206965,17986.63868668245,17986.63868668245,27.780446517171413,108,False
239.25,11130.43539946189,47.766319071289814,-0.10933232197356922,-543.0181541474908,-2166.5353743602786,353.0102366836206,339.2124338895279,-13828767.647116471,578.9473684210527,0.9026539488584261,1.7864553658146922,18579.48614124319,18579.48614124319,47.766319071289814,109,False
246.5,7370.592982474576,27.780446517171413,0.4082258860057339,291.59755833258777,7370.592982474576,89.93319343341224,87.85670296390495,-798881652.7705301,600.0,0.8563488385776752,1.9115141343206965,17986.63868668245,17986.63868668245,27.780446517171413,110,False
243.5,3964.155629304656,349.4945262299636,-0.20702078779715893,518.8081710082884,-3964.155629304656,55.56019416474953,55.401072980028985,-2226507935.7724247,-333.3333333333333,-0.4082482904638631,-1.117073771470875,18520.06472158318,18520.06472158318,349.4945262299636,111,False
245.33333333333334,92415.89402950795,81.73490743130571,5.005390913693785,109633.68587184577,84498.22917724453,90.31921432861452,88.29245049944782,870089278.6767024,1400.0,0.9660917830792959,4.39721501790634,18063.8428657229,18063.8428657229,81.73490743130571,112,False
242.25,9534.82896550314,45.29864652537597,-0.08119205395943803,-1888.5983305130185,-1699.794719830276,201.51392289452022,192.8483262692167,308869151.8484233,636.3636363636361,0.8493327995650773,1.9840118101150785,18319.44753586547,18319.44753586547,45.29864652537597,113,False
246.5,7370.592982474576,27.780446517171413,0.4082258860057339,291.59755833258777,7370.592982474576,89.93319343341224,87.85670296390495,-798881652.7705301,600.0,0.8563488385776752,1.9115141343206965,17986.63868668245,17986.63868668245,27.780446517171413,114,False
243.5,3964.155629304656,349.4945262299636,-0.20702078779715893,518.8081710082884,-3964.155629304656,55.56019416474953,55.401072980028985,-2226507935.7724247,-333.3333333333333,-0.4082482904638631,-1.117073771470875,18520.06472158318,18520.06472158318,349.4945262299636,115,False
250.22222222222223,39141.6639525898,181.62466793233622,0.08891925369864861,-2552.8615929759667,5211.073411718317,263.7059769185651,80.54646434597734,88910429.14253932,764.7058823529414,0.9498130845155233,2.6103221657830153,15512.116289327363,15512.116289327363,181.62466793233622,116,False
246.5,7370.592982474576,27.780446517171413,0.4082258860057339,291.59755833258777,7370.592982474576,89.93319343341224,87.85670296390495,-798881652.7705301,600.0,0.8563488385776752,1.9115141343206965,17986.63868668245,17986.63868668245,27.780446517171413,117,False
243.5,3964.155629304656,349.4945262299636,-0.20702078779715893,518.8081710082884,-3964.155629304656,55.56019416474953,55.401072980028985,-2226507935.7724247,-333.3333333333333,-0.4082482904638631,-1.117073771470875,18520.06472158318,18520.06472158318,349.4945262299636,118,False
252.86666666666667,27120.79217379724,140.28772163270966,0.08355294942439095,232.1468067195007,3501.898758693752,477.599112984169,222.7284172562984,50966493.272285394,344.82758620689657,0.6092939149861162,1.2347748222842072,16468.93493048859,16468.93493048859,140.28772163270966,119,False
246.5,7370.592982474576,27.780446517171413,0.4082258860057339,291.59755833258777,7370.592982474576,89.93319343341224,87.85670296390495,-798881652.7705301,600.0,0.8563488385776752,1.9115141343206965,17986.63868668245,17986.63868668245,27.780446517171413,120,False
243.5,3964.155629304656,349.4945262299636,-0.20702078779715893,518.8081710082884,-3964.155629304656,55.56019416474953,55.401072980028985,-2226507935.7724247,-333.3333333333333,-0.4082482904638631,-1.117073771470875,18520.06472158318,18520.06472158318,349.4945262299636,121,False
252.6875,26047.33838051756,137.25386694405293,0.038545182447383856,-882.846594652878,2533.8398231407,516.5148410188997,256.05137866719923,29110049.61170657,258.0645161290321,0.46850604994444567,0.9675108808166527,16661.769065125805,16661.769065125805,137.25386694405293,122,False
247.0,10929.893217844005,79.8883621286476,0.015409944631619599,-7694.5766448850045,-283.5894873534009,109.21222937752454,107.18773138269687,-265665148.20666718,-166.66666666666666,-0.4605661864718383,-0.4848451375083431,18202.038229587426,18202.038229587426,79.8883621286476,123,False
243.5,3964.155629304656,349.4945262299636,-0.20702078779715893,518.8081710082884,-3964.155629304656,55.56019416474953,55.401072980028985,-2226507935.7724247,-333.3333333333333,-0.4082482904638631,-1.117073771470875,18520.06472158318,18520.06472158318,349.4945262299636,124,False
252.6875,26047.33838051756,137.25386694405293,0.038545182447383856,-882.846594652878,2533.8398231407,516.5148410188997,256.05137866719923,29110049.61170657,258.0645161290321,0.46850604994444567,0.9675108808166527,16661.769065125805,16661.769065125805,137.25386694405293,125,False
247.0,10929.893217844005,79.8883621286476,0.015409944631619599,-7694.5766448850045,-283.5894873534009,109.21222937752454,107.18773138269687,-265665148.20666718,-166.66666666666666,-0.4605661864718383,-0.4848451375083431,18202.038229587426,18202.038229587426,79.8883621286476,126,False
239.36363636363637,10975.369841937052,107.77491254243992,0.4268377655236538,-4591.207356673074,7705.620730583764,180.48759888052004,167.4107498924967,218364055.72675768,-500.0000000000001,-0.8563488385776753,-1.4894124643916153,18048.759888052005,18048.759888052005,107.77491254243992,127,False
254.3846153846154,15723.217318385237,140.1140518135062,-0.7044268897607185,-614.4612759526043,-9482.431764937814,408.75723246947933,223.13712023432,-76606120.11445747,-3.637978807091713e-14,0.17762741721961034,0.18898982538631412,16350.289298779173,16350.289298779173,140.1140518135062,128,False
247.0,10929.893217844005,79.8883621286476,0.015409944631619599,-7694.5766448850045,-283.5894873534009,109.21222937752454,107.18773138269687,-265665148.20666718,-166.66666666666666,-0.4605661864718383,-0.4848451375083431,18202.038229587426,18202.038229587426,79.8883621286476,129,False
237.6315789473684,10879.51065825696,113.42573538943432,0.09891155600170437,-2605.849221701472,1847.0033982160007,316.29354755145914,295.1929687495668,185269705.83035162,-611.1111111111112,-0.9243423333081695,-1.9200993840016882,17571.863752858844,17571.863752858844,113.42573538943432,130,False
230.0,10058.721824789445,96.60623627646099,0.5493214506401707,-707.0567686542404,10058.721824789445,52.279225170831644,51.63638032361366,-3803528541.793681,-333.3333333333333,-0.18257418583505539,-1.0964755649669948,17426.408390277214,17426.408390277214,96.60623627646099,131,False
255.85714285714286,9428.895403079265,84.19821231997665,0.18180439544712548,-1851.8580103433328,2887.0669536555756,233.90061711316665,225.68567766280984,-127655749.134573,-615.3846153846152,-0.8204318988768705,-1.7998532859594982,17992.35516255128,17992.35516255128,84.19821231997665,132,False
247.0,10929.893217844005,79.8883621286476,0.015409944631619599,-7694.5766448850045,-283.5894873534009,109.21222937752454,107.18773138269687,-265665148.20666718,-166.66666666666666,-0.4605661864718383,-0.4848451375083431,18202.038229587426,18202.038229587426,79.8883621286476,133,False
237.6315789473684,10879.51065825696,113.42573538943432,0.09891155600170437,-2605.849221701472,1847.0033982160007,316.29354755145914,295.1929687495668,185269705.83035162,-611.1111111111112,-0.9243423333081695,-1.9200993840016882,17571.863752858844,17571.863752858844,113.42573538943432,134,False
229.625,8077.056979657253,97.70802722471724,0.03856466967178914,-4684.8070193642,595.037456010545,127.79360378963013,126.63180021983472,-231029318.02906904,-571.4285714285714,-0.4334607234315054,-1.7363959280504357,18256.229112804307,18256.229112804307,97.70802722471724,135,False
222.2,10286.553708749712,97.6778055709914,0.28885496790852133,-5167.947590003763,5600.205318477737,76.79931217573846,75.68267921135978,70388296.17455485,-1250.0,-0.9999999999999999,-3.7160709501248497,19199.82804393462,19199.82804393462,97.6778055709914,136,False
247.0,10929.893217844005,79.8883621286476,0.015409944631619599,-7694.5766448850045,-283.5894873534009,109.21222937752454,107.18773138269687,-265665148.20666718,-166.66666666666666,-0.4605661864718383,-0.4848451375083431,18202.038229587426,18202.038229587426,79.8883621286476,137,False
237.6315789473684,10879.51065825696,113.42573538943432,0.09891155600170437,-2605.849221701472,1847.0033982160007,316.29354755145914,295.1929687495668,185269705.83035162,-611.1111111111112,-0.9243423333081695,-1.9200993840016882,17571.863752858844,17571.863752858844,113.42573538943432,138,False
229.625,8077.056979657253,97.70802722471724,0.03856466967178914,-4684.8070193642,595.037456010545,127.79360378963013,126.63180021983472,-231029318.02906904,-571.4285714285714,-0.4334607234315054,-1.7363959280504357,18256.229112804307,18256.229112804307,97.70802722471724,139,False
222.2,10286.553708749712,97.6778055709914,0.28885496790852133,-5167.947590003763,5600.205318477737,76.79931217573846,75.68267921135978,70388296.17455485,-1250.0,-0.9999999999999999,-3.7160709501248497,19199.82804393462,19199.82804393462,97.6778055709914,140,False
223.75,10415.852782296164,120.09769956657588,-0.18431354532834007,-2403.229558002357,-3487.7632968900966,186.90611609437272,172.82042130646278,-111792171.23794559,909.0909090909091,0.9298547766256363,3.2296382069950953,16991.46509948843,16991.46509948843,120.09769956657588,141,False
237.6315789473684,10879.51065825696,113.42573538943432,0.09891155600170437,-2605.849221701472,1847.0033982160007,316.29354755145914,295.1929687495668,185269705.83035162,-611.1111111111112,-0.9243423333081695,-1.9200993840016882,17571.863752858844,17571.863752858844,113.42573538943432,142,False
229.625,8077.056979657253,97.70802722471724,0.03856466967178914,-4684.8070193642,595.037456010545,127.79360378963013,126.63180021983472,-231029318.02906904,-571.4285714285714,-0.4334607234315054,-1.7363959280504357,18256.229112804307,18256.229112804307,97.70802722471724,143,False
222.2,10286.553708749712,97.6778055709914,0.28885496790852133,-5167.947590003763,5600.205318477737,76.79931217573846,75.68267921135978,70388296.17455485,-1250.0,-0.9999999999999999,-3.7160709501248497,19199.82804393462,19199.82804393462,97.6778055709914,144,False
223.75,10415.852782296164,120.09769956657588,-0.18431354532834007,-2403.229558002357,-3487.7632968900966,186.90611609437272,172.82042130646278,-111792171.23794559,909.0909090909091,0.9298547766256363,3.2296382069950953,16991.46509948843,16991.46509948843,120.09769956657588,145,False
235.25,9963.602756549704,120.08831802299699,-0.5355532686323836,-2437.342063763845,-9172.030888596424,119.5707872953167,113.19060905871751,-188059592.53719372,-714.2857142857143,-0.9258200997725515,-2.306142922988976,17081.5410421881,17081.5410421881,120.08831802299699,146,False
229.625,8077.056979657253,97.70802722471724,0.03856466967178914,-4684.8070193642,595.037456010545,127.79360378963013,126.63180021983472,-231029318.02906904,-571.4285714285714,-0.4334607234315054,-1.7363959280504357,18256.229112804307,18256.229112804307,97.70802722471724,147,False
222.2,10286.553708749712,97.6778055709914,0.28885496790852133,-5167.947590003763,5600.205318477737,76.79931217573846,75.68267921135978,70388296.17455485,-1250.0,-0.9999999999999999,-3.7160709501248497,19199.82804393462,19199.82804393462,97.6778055709914,148,False
223.75,10415.852782296164,120.09769956657588,-0.18431354532834007,-2403.229558002357,-3487.7632968900966,186.90611609437272,172.82042130646278,-111792171.23794559,909.0909090909091,0.9298547766256363,3.2296382069950953,16991.46509948843,16991.46509948843,120.09769956657588,149,False
229.25,9455.31227256447,96.70813976562056,-0.1649447118269058,-18910.62454512894,-3556.472615139967,57.1188362037643,56.85134422585034,-2221112716.401912,-1333.3333333333333,-1.0,-3.992312596293084,19039.612067921433,19039.612067921433,96.70813976562056,150,False
222.2,10286.553708749712,97.6778055709914,0.28885496790852133,-5167.947590003763,5600.205318477737,76.79931217573846,75.68267921135978,70388296.17455485,-1250.0,-0.9999999999999999,-3.7160709501248497,19199.82804393462,19199.82804393462,97.6778055709914,151,False
223.75,10415.852782296164,120.09769956657588,-0.18431354532834007,-2403.229558002357,-3487.7632968900966,186.90611609437272,172.82042130646278,-111792171.23794559,909.0909090909091,0.9298547766256363,3.2296382069950953,16991.46509948843,16991.46509948843,120.09769956657588,152,False
213.4,10976.21058621786,89.99990598707295,-0.21453509716616784,-3835.8248382353686,-3658.735156796998,70.50014883690783,70.118923816977,0.056223154067993164,1500.0,0.9999999999999999,4.831499415712381,17625.037209226957,17625.037209226957,89.99990598707295,153,False
215.33333333333334,9194.870834782705,74.80065630682986,0.4667703996507243,,9194.870834782705,37.85780925004269,37.72200534094444,,500.0,0.816496580927726,1.5760312117435107,18928.904625021347,18928.904625021347,74.80065630682986,154,False
224.9,10578.770300219034,118.70424575300096,-0.3747852691942318,-158.1414432492511,-6800.749798763789,152.78575750487002,139.46371344308645,9765977.001230972,1000.0,0.9079593845004517,3.5786388059752405,16976.19527831889,16976.19527831889,118.70424575300096,155,False
213.4,10976.21058621786,89.99990598707295,-0.21453509716616784,-3835.8248382353686,-3658.735156796998,70.50014883690783,70.118923816977,0.056223154067993164,1500.0,0.9999999999999999,4.831499415712381,17625.037209226957,17625.037209226957,89.99990598707295,156,False
216.33333333333334,13945.9379985161,86.83471399310328,0.1708672750268363,-7626.263167972279,3238.6800017374776,92.92579518722196,90.7551259290599,522262534.810241,600.0,0.9309493362512627,1.8893078152633038,18585.159037444395,18585.159037444395,86.83471399310328,157,False
213.4,10976.21058621786,89.99990598707295,-0.21453509716616784,-3835.8248382353686,-3658.735156796998,70.50014883690783,70.118923816977,0.056223154067993164,1500.0,0.9999999999999999,4.831499415712381,17625.037209226957,17625.037209226957,89.99990598707295,158,False
216.33333333333334,13945.9379985161,86.83471399310328,0.1708672750268363,-7626.263167972279,3238.6800017374776,92.92579518722196,90.7551259290599,522262534.810241,600.0,0.9309493362512627,1.8893078152633038,18585.159037444395,18585.159037444395,86.83471399310328,159,False
211.33333333333334,13551.233114965384,86.94291465728992,0.6928131769689364,,13551.233114965384,36.8207002054079,36.547124261490936,,1500.0,1.0,4.768008485661241,18410.350102703953,18410.350102703953,86.94291465728992,160,False
213.4,10976.21058621786,89.99990598707295,-0.21453509716616784,-3835.8248382353686,-3658.735156796998,70.50014883690783,70.118923816977,0.056223154067993164,1500.0,0.9999999999999999,4.831499415712381,17625.037209226957,17625.037209226957,89.99990598707295,161,False
216.33333333333334,13945.9379985161,86.83471399310328,0.1708672750268363,-7626.263167972279,3238.6800017374776,92.92579518722196,90.7551259290599,522262534.810241,600.0,0.9309493362512627,1.8893078152633038,18585.159037444395,18585.159037444395,86.83471399310328,162,False
212.6,17010.88204240608,96.18721392273436,0.276188492262607,-15365.093570431583,5558.246025140892,62.718801098861036,60.97896679215049,-2412606386.742729,1000.0,0.7999999999999999,2.590478885874702,15679.700274715262,15679.700274715262,96.18721392273436,163,False
213.4,10976.21058621786,89.99990598707295,-0.21453509716616784,-3835.8248382353686,-3658.735156796998,70.50014883690783,70.118923816977,0.056223154067993164,1500.0,0.9999999999999999,4.831499415712381,17625.037209226957,17625.037209226957,89.99990598707295,164,False
216.33333333333334,13945.9379985161,86.83471399310328,0.1708672750268363,-7626.263167972279,3238.6800017374776,92.92579518722196,90.7551259290599,522262534.810241,600.0,0.9309493362512627,1.8893078152633038,18585.159037444395,18585.159037444395,86.83471399310328,165,False
212.6,17010.88204240608,96.18721392273436,0.276188492262607,-15365.093570431583,5558.246025140892,62.718801098861036,60.97896679215049,-2412606386.742729,1000.0,0.7999999999999999,2.590478885874702,15679.700274715262,15679.700274715262,96.18721392273436,166,False
217.33333333333334,13683.91866913413,89.99990023095549,-0.7330282578576,,-13683.91866913413,37.362075234276716,37.08290588981749,,500.0,0.816496580927726,1.5309708519575222,18681.03761713836,18681.03761713836,89.99990023095549,167,False
212.6,17010.88204240608,96.18721392273436,0.276188492262607,-15365.093570431583,5558.246025140892,62.718801098861036,60.97896679215049,-2412606386.742729,1000.0,0.7999999999999999,2.590478885874702,15679.700274715262,15679.700274715262,96.18721392273436,168,False
212.6,17010.88204240608,96.18721392273436,0.276188492262607,-15365.093570431583,5558.246025140892,62.718801098861036,60.97896679215049,-2412606386.742729,1000.0,0.7999999999999999,2.590478885874702,15679.700274715262,15679.700274715262,96.18721392273436,169,False
207.33333333333334,25677.853634648727,12.838926817324364,-1.2990915253176414,,-25677.853634648727,19.76600811738051,19.76600811738051,,-500.0,-0.816496580927726,-1.4481166475036846,9883.004058690254,9883.004058690254,12.838926817324364,170,False
208.66666666666666,10777.01535558171,65.2975069919786,-0.028887144762973535,-7962.472336352144,-545.8664538069798,87.82868279719175,86.57596539837846,831823918.4844447,-200.0,-0.18257418583505536,-0.5742747213174383,17565.73655943835,17565.73655943835,65.2975069919786,171,False
207.33333333333334,25677.853634648727,12.838926817324364,-1.2990915253176414,,-25677.853634648727,19.76600811738051,19.76600811738051,,-500.0,-0.816496580927726,-1.4481166475036846,9883.004058690254,9883.004058690254,12.838926817324364,172,False
208.57142857142858,8860.140419547872,63.52465316221828,-0.03513539885362075,-5413.734619740495,-675.2212981280878,107.0525709843402,105.54692624742457,-134444280.7280439,-166.66666666666666,-0.37796447300922725,-0.47856226776453187,17842.095164056696,17842.095164056696,63.52465316221828,173,False
203.72727272727272,8785.244102730918,75.81517683000666,0.3377904593267791,-404.4875781536489,6541.6893094413,186.00497054500687,173.62648572265957,-69409292.2295878,-300.0000000000001,-0.502518907629606,-0.8723165444895471,18600.497054500687,18600.497054500687,75.81517683000666,174,False
207.33333333333334,25677.853634648727,12.838926817324364,-1.2990915253176414,,-25677.853634648727,19.76600811738051,19.76600811738051,,-500.0,-0.816496580927726,-1.4481166475036846,9883.004058690254,9883.004058690254,12.838926817324364,175,False
208.57142857142858,8860.140419547872,63.52465316221828,-0.03513539885362075,-5413.734619740495,-675.2212981280878,107.0525709843402,105.54692624742457,-134444280.7280439,-166.66666666666666,-0.37796447300922725,-0.47856226776453187,17842.095164056696,17842.095164056696,63.52465316221828,176,False
207.2608695652174,10416.773648268481,97.98188227192617,0.05829000124237203,-1490.949068587296,1537.7171924348124,380.29124078615655,334.28191725840026,60047537.83914806,545.4545454545457,0.6166553641714889,2.022218475403037,17285.965490279843,17285.965490279843,97.98188227192617,177,False
207.33333333333334,25677.853634648727,12.838926817324364,-1.2990915253176414,,-25677.853634648727,19.76600811738051,19.76600811738051,,-500.0,-0.816496580927726,-1.4481166475036846,9883.004058690254,9883.004058690254,12.838926817324364,178,False
208.57142857142858,8860.140419547872,63.52465316221828,-0.03513539885362075,-5413.734619740495,-675.2212981280878,107.0525709843402,105.54692624742457,-134444280.7280439,-166.66666666666666,-0.37796447300922725,-0.47856226776453187,17842.095164056696,17842.095164056696,63.52465316221828,179,False
211.0857142857143,9047.360407107939,92.58349808261134,0.06016365736715069,2.5673014465617143,1311.9810188315769,588.0190987155601,535.5003927579651,46258386.538271934,323.52941176470597,0.6560845687815352,1.2207928632232767,17294.67937398706,17294.67937398706,92.58349808261134,180,False
208.57142857142858,8860.140419547872,63.52465316221828,-0.03513539885362075,-5413.734619740495,-675.2212981280878,107.0525709843402,105.54692624742457,-134444280.7280439,-166.66666666666666,-0.37796447300922725,-0.47856226776453187,17842.095164056696,17842.095164056696,63.52465316221828,181,False
210.7659574468085,9358.629505837383,94.41434367229647,0.02592335879342192,-505.9604791704594,656.4095734598882,809.2036518687736,743.9478755905868,-3355799.4775192086,65.21739130434763,0.3061481990302563,0.3794866788026094,17591.383736277687,17591.383736277687,94.41434367229647,182,False
210.46296296296296,9057.36123448763,91.68571788405319,0.028908625563979662,-426.078326992587,705.0411854007459,940.854938454449,866.78579303911,31280136.234293513,37.73584905660362,0.18570393693867215,0.27268240451592696,17751.97997083866,17751.97997083866,91.68571788405319,183,False
211.33333333333334,3582.284049425425,45.66807438723055,0.19240047763767354,,3582.284049425425,35.065073985719096,34.99751912425776,,1000.0,0.816496580927726,3.065537776277221,17532.536992859546,17532.536992859546,45.66807438723055,184,False
212.1860465116279,9153.426634505156,94.82278677140675,-0.06277641253261018,-821.6150418937566,-947.2704121127434,738.6075645429147,686.3885924325352,4012216.79727664,119.04761904761929,-0.20190959384536683,0.5517936401009429,17585.89439387892,17585.89439387892,94.82278677140675,185,False
217.15384615384616,14400.381993240155,95.25671649867262,0.15108065576012805,-2748.895333169362,2753.4497616820668,193.3488406060059,172.3478009884421,250859670.4642395,1166.666666666667,0.98058067569092,4.166812760771611,16112.403383833824,16112.403383833824,95.25671649867262,186,False
212.83870967741936,8574.134464359877,87.50809631102342,0.004714861084240968,-1081.5876284101707,62.25125677959226,543.803390157206,519.0109686512167,43007763.0660302,-366.6666666666666,-0.7424529774440269,-1.1150376999435383,18126.779671906865,18126.779671906865,87.50809631102342,187,False
217.15384615384616,14400.381993240155,95.25671649867262,0.15108065576012805,-2748.895333169362,2753.4497616820668,193.3488406060059,172.3478009884421,250859670.4642395,1166.666666666667,0.98058067569092,4.166812760771611,16112.403383833824,16112.403383833824,95.25671649867262,188,False
217.76923076923077,11663.249045166036,112.17405114345944,0.2552220228818929,-334.63718576448434,4363.002904389895,205.5460360434417,199.99243836643714,-98266817.44901498,-833.3333333333334,-0.9213717213621486,-2.808366512982142,17128.836336953475,17128.836336953475,112.17405114345944,189,False
209.31578947368422,9558.526552378198,90.28193160026734,0.004336508829531575,-1481.2055933258005,193.62984633894249,334.98114506921894,313.7695256462079,148279198.26900658,-500.0000000000001,-0.33515292834781696,-1.5030438839026266,18610.063614956605,18610.063614956605,90.28193160026734,190,False
217.15384615384616,14400.381993240155,95.25671649867262,0.15108065576012805,-2748.895333169362,2753.4497616820668,193.3488406060059,172.3478009884421,250859670.4642395,1166.666666666667,0.98058067569092,4.166812760771611,16112.403383833824,16112.403383833824,95.25671649867262,191,False
212.52,11479.440284842367,112.23068018703547,0.03733726894564621,-1786.6394266692732,748.441322413441,417.16393046109556,406.1002493495621,21511225.832663596,-833.3333333333335,-0.9747728068778085,-2.7382541889138636,17381.83043587898,17381.83043587898,112.23068018703547,192,False
208.42857142857142,7737.574937136924,74.97975416114379,0.18477296706585894,-2803.4865052961495,3656.0585160267233,112.20540266896138,110.07675570545516,95283173.88235521,-166.66666666666666,-0.7559289460184545,-0.5007032975959839,18700.900444826893,18700.900444826893,74.97975416114379,193,False
217.15384615384616,14400.381993240155,95.25671649867262,0.15108065576012805,-2748.895333169362,2753.4497616820668,193.3488406060059,172.3478009884421,250859670.4642395,1166.666666666667,0.98058067569092,4.166812760771611,16112.403383833824,16112.403383833824,95.25671649867262,194,False
208.0810810810811,10304.772606306078,111.71277244646404,0.0073872704960137175,-745.1069973291786,204.35383957756062,633.678772341578,619.1104846495153,-1741517.6287463694,-694.4444444444447,-0.9757560105373638,-2.2592900655935084,17602.188120599385,17602.188120599385,111.71277244646404,195,False
218.9,12137.765003558186,107.71884734208665,-0.25366768134791207,-6854.436686161208,-3876.7668148341845,141.70918301503409,136.8794116194894,-286315750.5567523,1222.2222222222222,0.9775252199076787,4.490890787494219,15745.464779448233,15745.464779448233,107.71884734208665,196,False
206.08163265306123,10564.836608670861,115.2720605124917,0.0017869941719916708,-454.41521950588213,334.6269788684349,825.4327042451915,789.0474494940138,-46036184.49041631,-354.1666666666667,-0.7382153625465316,-1.0068514348738413,17196.514671774825,17196.514671774825,115.2720605124917,197,False
205.59322033898306,9530.466302130992,115.07025840055428,-0.026501104528843085,-482.4005240347889,-183.23121006962333,989.4443712265899,952.9070860422124,66432297.59460594,-293.1034482758619,-0.4252012648521688,-0.8266808907200958,17059.38571080327,17059.38571080327,115.07025840055428,198,False
202.5744680851064,9123.196048345571,115.02107662021749,-0.04242676634763278,-304.0473564049869,-412.73994935997996,784.8671897918377,752.3564945819344,32853619.847814057,-130.43478260869543,-0.08079164280243349,-0.23726839008150305,17062.33021286604,17062.33021286604,115.02107662021749,199,False
200.15384615384616,8057.360886866779,107.22426751879455,0.21433311322980347,-1462.7796520628483,3907.5810590870665,220.85293093488582,214.90260689202947,-186139969.42373726,-83.33333333333364,0.02787473366690302,-0.09322987730792327,18404.41091124048,18404.41091124048,107.22426751879455,200,False
201.11428571428573,8662.162263728771,116.66518111161679,-0.04781214224495752,-1033.3744166697588,-437.3677703682732,570.5951998369845,544.4931561970741,63832923.886252254,147.05882352941168,0.48345338459934123,0.7099662271763716,16782.2117599113,16782.2117599113,116.66518111161679,201,False
201.84,8478.424474318974,112.06233340857244,0.0230653305427198,-807.9138006747133,735.9833823062736,422.972423269213,408.66814429295107,9172977.611284645,-166.66666666666677,0.42397930858271865,-0.32518153698783,17623.850969550538,17623.850969550538,112.06233340857244,202,False
202.30434782608697,9374.739937605456,120.39528372323868,-0.026275595772640773,-2449.030068480687,170.01579065833235,353.6916315331618,333.8241604980589,344364842.50231653,409.0909090909092,0.8045227413496716,1.6690771937196116,16076.892342416446,16076.892342416446,120.39528372323868,203,False
200.51351351351352,8240.948378111038,110.11912217803203,0.03779338496860226,3.744490639088005,975.7909975853967,640.5394350695526,622.4747521702251,-60554387.32948576,-305.5555555555557,-0.2436172189098081,-0.8368657237886394,17792.762085265356,17792.762085265356,110.11912217803203,204,False
204.9090909090909,6323.424873837295,112.47345434849737,-0.11656378953549806,-4243.658697793045,-1772.23130335389,165.81463963985456,164.1206465405389,243218972.2051241,200.00000000000017,0.7758644224125772,0.743679282862,16581.463963985454,16581.463963985454,112.47345434849737,205,False
200.07692307692307,8071.054155966347,110.39832285326152,0.021791486752095808,-640.7523058371694,647.483091314064,679.4153962818509,660.9807049012522,-42834310.66266956,-315.78947368421063,-0.32262334874288684,-0.8687295224386361,17879.352533732923,17879.352533732923,110.39832285326152,206,False
191.25,1653.1625176598084,91.1020047384199,0.08542874363668161,3306.3250353196167,1653.1625176598084,57.90488006082947,57.83177262048449,-149205038.11032176,-1000.0,-0.912870929175277,-2.9569199384409868,19301.626686943153,19301.626686943153,91.1020047384199,207,False
199.97368421052633,7926.747834369195,111.04242455225685,0.00280414849177134,-384.6537028637307,296.96646236546155,660.6072140103022,643.8964805622801,-10543433.577068616,-243.24324324324314,-0.2991050704815545,-0.6472729165592848,17854.249027305465,17854.249027305465,111.04242455225685,208,False
191.25,1653.1625176598084,91.1020047384199,0.08542874363668161,3306.3250353196167,1653.1625176598084,57.90488006082947,57.83177262048449,-149205038.11032176,-1000.0,-0.912870929175277,-2.9569199384409868,19301.626686943153,19301.626686943153,91.1020047384199,209,False
200.03846153846155,7602.342179330163,111.5925173162516,0.006395328725041209,-201.51638053506994,354.80435166496505,442.1963034045633,430.54134418396035,-145756784.10414538,-520.0000000000001,-0.7776166544846868,-1.554406212596236,17687.85213618253,17687.85213618253,111.5925173162516,210,False
191.25,1653.1625176598084,91.1020047384199,0.08542874363668161,3306.3250353196167,1653.1625176598084,57.90488006082947,57.83177262048449,-149205038.11032176,-1000.0,-0.912870929175277,-2.9569199384409868,19301.626686943153,19301.626686943153,91.1020047384199,211,False
196.92857142857142,7839.526163122744,107.25667437696718,-0.018877245135930202,1204.0191686501882,-210.13919319744414,238.07931037479852,234.3549085870431,-336742684.0142986,-615.3846153846154,-0.9017687137990612,-1.9390280742277117,18313.793105753735,18313.793105753735,107.25667437696718,212,False
191.25,1653.1625176598084,91.1020047384199,0.08542874363668161,3306.3250353196167,1653.1625176598084,57.90488006082947,57.83177262048449,-149205038.11032176,-1000.0,-0.912870929175277,-2.9569199384409868,19301.626686943153,19301.626686943153,91.1020047384199,213,False
191.25,1653.1625176598084,91.1020047384199,0.08542874363668161,3306.3250353196167,1653.1625176598084,57.90488006082947,57.83177262048449,-149205038.11032176,-1000.0,-0.912870929175277,-2.9569199384409868,19301.626686943153,19301.626686943153,91.1020047384199,214,False
